RelativePath,Category,Language,Classification,DB,OS,Purpose
.gitignore,UNKNOWN,Other,UNKNOWN,,(any),
README.md,GENERATED,Markdown,GENERATED,,(any),
archive/.gitkeep,ARCHIVE,Other,ARCHIVE,,(any),
archive/mongodb/.gitkeep,ARCHIVE,Other,ARCHIVE,mongodb,(any),
archive/mssql/.gitkeep,ARCHIVE,Other,ARCHIVE,mssql,(any),
archive/mysql/.gitkeep,ARCHIVE,Other,ARCHIVE,mysql,(any),
archive/postgresql/.gitkeep,ARCHIVE,Other,ARCHIVE,postgresql,(any),
config/cdc.conf,CONFIG,CONF,CONFIG,,(any),
config/python.conf,CONFIG,CONF,CONFIG,,(any),
config/common/database_objects.json,CONFIG,JSON,CONFIG,,(any),
config/common/dataset.conf,CONFIG,CONF,CONFIG,,(any),
config/common/objects.conf,CONFIG,CONF,CONFIG,,(any),
config/discovery/migration_requirements.json,CONFIG,JSON,CONFIG,,(any),
config/ubuntu/mongodb.conf,CONFIG,CONF,CONFIG,,ubuntu,
config/ubuntu/mssql.conf,CONFIG,CONF,CONFIG,,ubuntu,
config/ubuntu/mysql.conf,CONFIG,CONF,CONFIG,,ubuntu,
config/ubuntu/postgresql.conf,CONFIG,CONF,CONFIG,,ubuntu,
config/windows/mongodb.conf,CONFIG,CONF,CONFIG,,windows,
config/windows/mssql.conf,CONFIG,CONF,CONFIG,,windows,
config/windows/mssql_media.conf,CONFIG,CONF,CONFIG,,windows,
config/windows/mysql.conf,CONFIG,CONF,CONFIG,,windows,
config/windows/postgresql.conf,CONFIG,CONF,CONFIG,,windows,
databases/mssql/templates/ConfigurationFile.template.ini,TEMPLATE,CONF,TEMPLATE,mssql,(any),
failed/.gitkeep,OUTPUT,Other,OUTPUT,,(any),
failed/mongodb/.gitkeep,OUTPUT,Other,OUTPUT,mongodb,(any),
failed/mssql/.gitkeep,OUTPUT,Other,OUTPUT,mssql,(any),
failed/mysql/.gitkeep,OUTPUT,Other,OUTPUT,mysql,(any),
failed/postgresql/.gitkeep,OUTPUT,Other,OUTPUT,postgresql,(any),
jenkins/Jenkinsfile,UNKNOWN,Other,UNKNOWN,,(any),
jenkins/Jenkinsfile_backup,ARCHIVE,Other,ARCHIVE,,(any),
jenkins/mongodb/ubuntu/cleanup_pipline.groovy,ENTRY POINT,Groovy,ENTRY POINT,mongodb,ubuntu,
jenkins/mongodb/ubuntu/load_pipeline.groovy,ENTRY POINT,Groovy,ENTRY POINT,mongodb,ubuntu,
jenkins/mongodb/ubuntu/setup_pipeline.groovy,ENTRY POINT,Groovy,ENTRY POINT,mongodb,ubuntu,
jenkins/mongodb/windows/load_pipeline.groovy,ENTRY POINT,Groovy,ENTRY POINT,mongodb,windows,
jenkins/mongodb/windows/mongodb_cleanup.groovy,ENTRY POINT,Groovy,ENTRY POINT,mongodb,windows,
jenkins/mongodb/windows/setup_pipeline.groovy,ENTRY POINT,Groovy,ENTRY POINT,mongodb,windows,
jenkins/mssql/ubuntu/cleanup_pipeline.groovy,ENTRY POINT,Groovy,ENTRY POINT,mssql,ubuntu,
jenkins/mssql/ubuntu/load_pipeline.groovy,ENTRY POINT,Groovy,ENTRY POINT,mssql,ubuntu,
jenkins/mssql/ubuntu/setup_pipeline.groovy,ENTRY POINT,Groovy,ENTRY POINT,mssql,ubuntu,
jenkins/mssql/windows/cleanup_pipeline.groovy,ENTRY POINT,Groovy,ENTRY POINT,mssql,windows,
jenkins/mssql/windows/load_pipeline.groovy,ENTRY POINT,Groovy,ENTRY POINT,mssql,windows,
jenkins/mssql/windows/setup_pipeline.groovy,ENTRY POINT,Groovy,ENTRY POINT,mssql,windows,
jenkins/mysql/ubuntu/cleanup_pipeline.groovy,ENTRY POINT,Groovy,ENTRY POINT,mysql,ubuntu,
jenkins/mysql/ubuntu/load_pipeline.groovy,ENTRY POINT,Groovy,ENTRY POINT,mysql,ubuntu,
jenkins/mysql/ubuntu/setup_pipeline.groovy,ENTRY POINT,Groovy,ENTRY POINT,mysql,ubuntu,
jenkins/mysql/windows/load_pipeline.groovy,ENTRY POINT,Groovy,ENTRY POINT,mysql,windows,
jenkins/mysql/windows/mysql_cleanup.groovy,ENTRY POINT,Groovy,ENTRY POINT,mysql,windows,
jenkins/mysql/windows/setup_pipeline.groovy,ENTRY POINT,Groovy,ENTRY POINT,mysql,windows,
jenkins/postgresql/ubuntu/cleanup_pipeline.groovy,ENTRY POINT,Groovy,ENTRY POINT,postgresql,ubuntu,
jenkins/postgresql/ubuntu/load_pipeline.groovy,ENTRY POINT,Groovy,ENTRY POINT,postgresql,ubuntu,
jenkins/postgresql/ubuntu/setup_pipeline.groovy,ENTRY POINT,Groovy,ENTRY POINT,postgresql,ubuntu,
jenkins/postgresql/windows/load_pipeline.groovy,ENTRY POINT,Groovy,ENTRY POINT,postgresql,windows,
jenkins/postgresql/windows/postgresql_cleanup_pipeline.groovy,ENTRY POINT,Groovy,ENTRY POINT,postgresql,windows,
jenkins/postgresql/windows/setup_pipeline.groovy,ENTRY POINT,Groovy,ENTRY POINT,postgresql,windows,
liquibase/mssql/master.xml,CONFIG,XML,CONFIG,mssql,(any),
liquibase/mssql/objects/custom/functions/.gitkeep,UNKNOWN,Other,UNKNOWN,mssql,(any),
liquibase/mssql/objects/custom/indexes/.gitkeep,UNKNOWN,Other,UNKNOWN,mssql,(any),
liquibase/mssql/objects/custom/procedures/.gitkeep,UNKNOWN,Other,UNKNOWN,mssql,(any),
liquibase/mssql/objects/custom/triggers/.gitkeep,UNKNOWN,Other,UNKNOWN,mssql,(any),
liquibase/mssql/objects/custom/views/.gitkeep,UNKNOWN,Other,UNKNOWN,mssql,(any),
liquibase/mysql/master.xml,CONFIG,XML,CONFIG,mysql,(any),
liquibase/mysql/objects/custom/events/.gitkeep,UNKNOWN,Other,UNKNOWN,mysql,(any),
liquibase/mysql/objects/custom/functions/.gitkeep,UNKNOWN,Other,UNKNOWN,mysql,(any),
liquibase/mysql/objects/custom/indexes/.gitkeep,UNKNOWN,Other,UNKNOWN,mysql,(any),
liquibase/mysql/objects/custom/procedures/.gitkeep,UNKNOWN,Other,UNKNOWN,mysql,(any),
liquibase/mysql/objects/custom/triggers/.gitkeep,UNKNOWN,Other,UNKNOWN,mysql,(any),
liquibase/mysql/objects/custom/views/.gitkeep,UNKNOWN,Other,UNKNOWN,mysql,(any),
liquibase/postgresql/master.xml,CONFIG,XML,CONFIG,postgresql,(any),
liquibase/postgresql/objects/custom/extensions/.gitkeep,UNKNOWN,Other,UNKNOWN,postgresql,(any),
liquibase/postgresql/objects/custom/functions/.gitkeep,UNKNOWN,Other,UNKNOWN,postgresql,(any),
liquibase/postgresql/objects/custom/indexes/.gitkeep,UNKNOWN,Other,UNKNOWN,postgresql,(any),
liquibase/postgresql/objects/custom/materialized_views/.gitkeep,UNKNOWN,Other,UNKNOWN,postgresql,(any),
liquibase/postgresql/objects/custom/procedures/.gitkeep,UNKNOWN,Other,UNKNOWN,postgresql,(any),
liquibase/postgresql/objects/custom/triggers/.gitkeep,UNKNOWN,Other,UNKNOWN,postgresql,(any),
liquibase/postgresql/objects/custom/views/.gitkeep,UNKNOWN,Other,UNKNOWN,postgresql,(any),
metadata/.gitkeep,UNKNOWN,Other,UNKNOWN,,(any),
metadata/discovery/mongodb/.gitkeep,UNKNOWN,Other,UNKNOWN,mongodb,(any),
metadata/discovery/mssql/.gitkeep,UNKNOWN,Other,UNKNOWN,mssql,(any),
metadata/discovery/mysql/.gitkeep,UNKNOWN,Other,UNKNOWN,mysql,(any),
metadata/discovery/postgresql/.gitkeep,UNKNOWN,Other,UNKNOWN,postgresql,(any),
metadata/migration/.gitkeep,UNKNOWN,Other,UNKNOWN,,(any),
metadata/mongodb/.gitkeep,UNKNOWN,Other,UNKNOWN,mongodb,(any),
metadata/mssql/.gitkeep,UNKNOWN,Other,UNKNOWN,mssql,(any),
metadata/mysql/.gitkeep,UNKNOWN,Other,UNKNOWN,mysql,(any),
metadata/postgresql/.gitkeep,UNKNOWN,Other,UNKNOWN,postgresql,(any),
objects/mssql/custom/functions/.gitkeep,UNKNOWN,Other,UNKNOWN,mssql,(any),
objects/mssql/custom/indexes/.gitkeep,UNKNOWN,Other,UNKNOWN,mssql,(any),
objects/mssql/custom/procedures/.gitkeep,UNKNOWN,Other,UNKNOWN,mssql,(any),
objects/mssql/custom/triggers/.gitkeep,UNKNOWN,Other,UNKNOWN,mssql,(any),
objects/mssql/custom/views/.gitkeep,UNKNOWN,Other,UNKNOWN,mssql,(any),
objects/mysql/custom/events/.gitkeep,UNKNOWN,Other,UNKNOWN,mysql,(any),
objects/mysql/custom/functions/.gitkeep,UNKNOWN,Other,UNKNOWN,mysql,(any),
objects/mysql/custom/indexes/.gitkeep,UNKNOWN,Other,UNKNOWN,mysql,(any),
objects/mysql/custom/procedures/.gitkeep,UNKNOWN,Other,UNKNOWN,mysql,(any),
objects/mysql/custom/triggers/.gitkeep,UNKNOWN,Other,UNKNOWN,mysql,(any),
objects/mysql/custom/views/.gitkeep,UNKNOWN,Other,UNKNOWN,mysql,(any),
objects/postgresql/custom/extensions/.gitkeep,UNKNOWN,Other,UNKNOWN,postgresql,(any),
objects/postgresql/custom/functions/.gitkeep,UNKNOWN,Other,UNKNOWN,postgresql,(any),
objects/postgresql/custom/indexes/.gitkeep,UNKNOWN,Other,UNKNOWN,postgresql,(any),
objects/postgresql/custom/materialized_views/.gitkeep,UNKNOWN,Other,UNKNOWN,postgresql,(any),
objects/postgresql/custom/procedures/.gitkeep,UNKNOWN,Other,UNKNOWN,postgresql,(any),
objects/postgresql/custom/triggers/.gitkeep,UNKNOWN,Other,UNKNOWN,postgresql,(any),
objects/postgresql/custom/views/.gitkeep,UNKNOWN,Other,UNKNOWN,postgresql,(any),
outputs/assessments/.gitkeep,OUTPUT,Other,OUTPUT,,(any),
outputs/assessments/mongodb/.gitkeep,OUTPUT,Other,OUTPUT,mongodb,(any),
outputs/assessments/mssql/.gitkeep,OUTPUT,Other,OUTPUT,mssql,(any),
outputs/assessments/mysql/.gitkeep,OUTPUT,Other,OUTPUT,mysql,(any),
outputs/assessments/postgresql/.gitkeep,OUTPUT,Other,OUTPUT,postgresql,(any),
rbac/auth.py,SOURCE,Python,SOURCE,,(any),
rbac/authorization.py,SOURCE,Python,SOURCE,,(any),
rbac/auth_cli.py,SOURCE,Python,SOURCE,,(any),
rbac/cli.py,SOURCE,Python,SOURCE,,(any),
rbac/credentials.json,CONFIG,JSON,CONFIG,,(any),
rbac/permissions.json,CONFIG,JSON,CONFIG,,(any),
rbac/roles.json,CONFIG,JSON,CONFIG,,(any),
rbac/utils.py,SOURCE,Python,SOURCE,,(any),
rbac/__init__.py,SOURCE,Python,SOURCE,,(any),
requirements/common.txt,CONFIG,CONF,CONFIG,,(any),
requirements/mongodb.txt,CONFIG,CONF,CONFIG,,(any),
requirements/mssql.txt,CONFIG,CONF,CONFIG,,(any),
requirements/mysql.txt,CONFIG,CONF,CONFIG,,(any),
requirements/postgresql.txt,CONFIG,CONF,CONFIG,,(any),
scripts/data_loader.py,SOURCE,Python,SOURCE,,(any),
scripts/data_loader_mongodb.py,SOURCE,Python,SOURCE,,(any),
scripts/liquibase_generator.py,SOURCE,Python,SOURCE,,(any),
scripts/metadata_manager.py,SOURCE,Python,SOURCE,,(any),
scripts/run_liquibase.py,SOURCE,Python,SOURCE,,(any),
scripts/schema_detector.py,SOURCE,Python,SOURCE,,(any),
scripts/schema_diff.py,SOURCE,Python,SOURCE,,(any),
scripts/version_manager.py,SOURCE,Python,SOURCE,,(any),
scripts/assessment/assessment_engine.py,SOURCE,Python,SOURCE,,(any),
scripts/assessment/complexity_assessor.py,SOURCE,Python,SOURCE,,(any),
scripts/assessment/readiness_assessor.py,SOURCE,Python,SOURCE,,(any),
scripts/assessment/risk_assessor.py,SOURCE,Python,SOURCE,,(any),
scripts/assessment/__init__.py,SOURCE,Python,SOURCE,,(any),
scripts/bash/install_python_requirements.sh,SOURCE,Bash,SOURCE,,(any),
scripts/bash/validate_python_requirements.sh,SOURCE,Bash,SOURCE,,(any),
scripts/bash/common/download_dataset.sh,SOURCE,Bash,SOURCE,,(any),
scripts/bash/common/generate_assessment_report.sh,SOURCE,Bash,SOURCE,,(any),
scripts/bash/common/generate_executive_report.sh,SOURCE,Bash,SOURCE,,(any),
scripts/bash/common/generate_technical_report.sh,SOURCE,Bash,SOURCE,,(any),
scripts/bash/common/install_liquibase.sh,SOURCE,Bash,SOURCE,,(any),
scripts/bash/common/install_mssql_driver.sh,SOURCE,Bash,SOURCE,,(any),
scripts/bash/common/install_python_requirements.sh,SOURCE,Bash,SOURCE,,(any),
scripts/bash/common/install_terraform.sh,SOURCE,Bash,SOURCE,,(any),
scripts/bash/common/install_tools.sh,SOURCE,Bash,SOURCE,,(any),
scripts/bash/common/run_action_plan.sh,SOURCE,Bash,SOURCE,,(any),
scripts/bash/common/run_assessment.sh,SOURCE,Bash,SOURCE,,(any),
scripts/bash/common/run_data_profiling.sh,SOURCE,Bash,SOURCE,,(any),
scripts/bash/common/run_recommendation.sh,SOURCE,Bash,SOURCE,,(any),
scripts/bash/common/run_reconciliation.sh,SOURCE,Bash,SOURCE,,(any),
scripts/bash/common/set_project_root.sh,SOURCE,Bash,SOURCE,,(any),
scripts/bash/common/validate_java_runtime.sh,SOURCE,Bash,SOURCE,,(any),
scripts/bash/common/validate_python_runtime.sh,SOURCE,Bash,SOURCE,,(any),
scripts/bash/common/validate_tools.sh,SOURCE,Bash,SOURCE,,(any),
scripts/bash/common/migration/generate_executive_report.sh,SOURCE,Bash,SOURCE,,(any),
scripts/bash/common/migration/generate_technical_report.sh,SOURCE,Bash,SOURCE,,(any),
scripts/bash/common/migration/run_action_plan.sh,SOURCE,Bash,SOURCE,,(any),
scripts/bash/common/migration/run_assessment.sh,SOURCE,Bash,SOURCE,,(any),
scripts/bash/common/migration/run_data_profiling.sh,SOURCE,Bash,SOURCE,,(any),
scripts/bash/common/migration/run_migration_analysis.sh,SOURCE,Bash,SOURCE,,(any),
scripts/bash/common/migration/run_recommendation.sh,SOURCE,Bash,SOURCE,,(any),
scripts/bash/common/migration/run_reconciliation.sh,SOURCE,Bash,SOURCE,,(any),
scripts/bash/mongodb/mongodb_load_pipeline.sh,ENTRY POINT,Bash,ENTRY POINT,mongodb,(any),
scripts/bash/mongodb/mongodb_setup_pipeline.sh,ENTRY POINT,Bash,ENTRY POINT,mongodb,(any),
scripts/bash/mongodb/assessment/run_assessment.sh,SOURCE,Bash,SOURCE,mongodb,(any),
scripts/bash/mongodb/cleanup/cleanup_mongodb_load_artifacts.sh,SOURCE,Bash,SOURCE,mongodb,(any),
scripts/bash/mongodb/cleanup/mongodb_cleanup_pipeline.sh,ENTRY POINT,Bash,ENTRY POINT,mongodb,(any),
scripts/bash/mongodb/cleanup/remove_mongodb.sh,SOURCE,Bash,SOURCE,mongodb,(any),
scripts/bash/mongodb/cleanup/reset_terraform_state.sh,SOURCE,Bash,SOURCE,mongodb,(any),
scripts/bash/mongodb/cleanup/stop_mongodb.sh,SOURCE,Bash,SOURCE,mongodb,(any),
scripts/bash/mongodb/cleanup/validate_cleanup.sh,SOURCE,Bash,SOURCE,mongodb,(any),
scripts/bash/mongodb/load/load_data.sh,SOURCE,Bash,SOURCE,mongodb,(any),
scripts/bash/mongodb/load/validate_loaded_data.sh,SOURCE,Bash,SOURCE,mongodb,(any),
scripts/bash/mongodb/setup/configure_global_mongosh.sh,SOURCE,Bash,SOURCE,mongodb,(any),
scripts/bash/mongodb/setup/configure_mongodb_service.sh,SOURCE,Bash,SOURCE,mongodb,(any),
scripts/bash/mongodb/setup/install_mongodb.sh,SOURCE,Bash,SOURCE,mongodb,(any),
scripts/bash/mongodb/setup/install_mongosh.sh,SOURCE,Bash,SOURCE,mongodb,(any),
scripts/bash/mongodb/setup/install_python_requirements.sh,SOURCE,Bash,SOURCE,mongodb,(any),
scripts/bash/mongodb/setup/install_tools.sh,SOURCE,Bash,SOURCE,mongodb,(any),
scripts/bash/mongodb/setup/start_mongodb.sh,SOURCE,Bash,SOURCE,mongodb,(any),
scripts/bash/mongodb/setup/stop_mongodb.sh,SOURCE,Bash,SOURCE,mongodb,(any),
scripts/bash/mongodb/setup/validate_mongodb.sh,SOURCE,Bash,SOURCE,mongodb,(any),
scripts/bash/mongodb/setup/validate_port.sh,SOURCE,Bash,SOURCE,mongodb,(any),
scripts/bash/mongodb/setup/validate_python_requirements.sh,SOURCE,Bash,SOURCE,mongodb,(any),
scripts/bash/mongodb/setup/validate_tools.sh,SOURCE,Bash,SOURCE,mongodb,(any),
scripts/bash/mssql/create_database.sh,SOURCE,Bash,SOURCE,mssql,(any),
scripts/bash/mssql/install_sqlcmd.sh,SOURCE,Bash,SOURCE,mssql,(any),
scripts/bash/mssql/load_data.sh,SOURCE,Bash,SOURCE,mssql,(any),
scripts/bash/mssql/mssql_load_pipeline.sh,ENTRY POINT,Bash,ENTRY POINT,mssql,(any),
scripts/bash/mssql/mssql_setup_pipeline.sh,ENTRY POINT,Bash,ENTRY POINT,mssql,(any),
scripts/bash/mssql/run_liquibase.sh,SOURCE,Bash,SOURCE,mssql,(any),
scripts/bash/mssql/start_mssql.sh,SOURCE,Bash,SOURCE,mssql,(any),
scripts/bash/mssql/validate_environment.sh,SOURCE,Bash,SOURCE,mssql,(any),
scripts/bash/mssql/validate_loaded_data.sh,SOURCE,Bash,SOURCE,mssql,(any),
scripts/bash/mssql/validate_mssql.sh,SOURCE,Bash,SOURCE,mssql,(any),
scripts/bash/mssql/validate_tools.sh,SOURCE,Bash,SOURCE,mssql,(any),
scripts/bash/mssql/assessment/run_assessment.sh,SOURCE,Bash,SOURCE,mssql,(any),
scripts/bash/mssql/cleanup/cleanup_mssql_load_artifacts.sh,SOURCE,Bash,SOURCE,mssql,(any),
scripts/bash/mssql/cleanup/cleanup_mssql_xml.sh,SOURCE,Bash,SOURCE,mssql,(any),
scripts/bash/mssql/cleanup/mssql_cleanup_pipeline.sh,ENTRY POINT,Bash,ENTRY POINT,mssql,(any),
scripts/bash/mssql/cleanup/remove_mssql.sh,SOURCE,Bash,SOURCE,mssql,(any),
scripts/bash/mssql/cleanup/reset_terraform_state.sh,SOURCE,Bash,SOURCE,mssql,(any),
scripts/bash/mssql/cleanup/stop_mssql.sh,SOURCE,Bash,SOURCE,mssql,(any),
scripts/bash/mssql/cleanup/validate_cleanup.sh,SOURCE,Bash,SOURCE,mssql,(any),
scripts/bash/mssql/load/database_inventory.sh,SOURCE,Bash,SOURCE,mssql,(any),
scripts/bash/mssql/load/load_data.sh,SOURCE,Bash,SOURCE,mssql,(any),
scripts/bash/mssql/load/sql_agent.sh,SOURCE,Bash,SOURCE,mssql,(any),
scripts/bash/mssql/load/table_inventory.sh,SOURCE,Bash,SOURCE,mssql,(any),
scripts/bash/mssql/load/validate_csv.sh,SOURCE,Bash,SOURCE,mssql,(any),
scripts/bash/mssql/load/validate_loaded_data.sh,SOURCE,Bash,SOURCE,mssql,(any),
scripts/bash/mssql/objects/deploy_objects.sh,SOURCE,Bash,SOURCE,mssql,(any),
scripts/bash/mssql/objects/validate_objects.sh,SOURCE,Bash,SOURCE,mssql,(any),
scripts/bash/mssql/setup/configure_global_mssql.sh,SOURCE,Bash,SOURCE,mssql,(any),
scripts/bash/mssql/setup/configure_mssql.sh,SOURCE,Bash,SOURCE,mssql,(any),
scripts/bash/mssql/setup/create_database.sh,SOURCE,Bash,SOURCE,mssql,(any),
scripts/bash/mssql/setup/deploy_mssql.sh,SOURCE,Bash,SOURCE,mssql,(any),
scripts/bash/mssql/setup/install_mssql.sh,SOURCE,Bash,SOURCE,mssql,(any),
scripts/bash/mssql/setup/install_mssql_driver.sh,SOURCE,Bash,SOURCE,mssql,(any),
scripts/bash/mssql/setup/install_python_requirements.sh,SOURCE,Bash,SOURCE,mssql,(any),
scripts/bash/mssql/setup/install_tools.sh,SOURCE,Bash,SOURCE,mssql,(any),
scripts/bash/mssql/setup/run_liquibase.sh,SOURCE,Bash,SOURCE,mssql,(any),
scripts/bash/mssql/setup/start_mssql.sh,SOURCE,Bash,SOURCE,mssql,(any),
scripts/bash/mssql/setup/validate_environment.sh,SOURCE,Bash,SOURCE,mssql,(any),
scripts/bash/mssql/setup/validate_mssql.sh,SOURCE,Bash,SOURCE,mssql,(any),
scripts/bash/mssql/setup/validate_port.sh,SOURCE,Bash,SOURCE,mssql,(any),
scripts/bash/mssql/setup/validate_python_requirements.sh,SOURCE,Bash,SOURCE,mssql,(any),
scripts/bash/mssql/setup/validate_tools.sh,SOURCE,Bash,SOURCE,mssql,(any),
scripts/bash/mysql/mysql_load_pipeline.sh,ENTRY POINT,Bash,ENTRY POINT,mysql,(any),
scripts/bash/mysql/mysql_setup_pipeline.sh,ENTRY POINT,Bash,ENTRY POINT,mysql,(any),
scripts/bash/mysql/assessment/run_assessment.sh,SOURCE,Bash,SOURCE,mysql,(any),
scripts/bash/mysql/cleanup/cleanup_mysql_load_artifacts.sh,SOURCE,Bash,SOURCE,mysql,(any),
scripts/bash/mysql/cleanup/cleanup_mysql_xml.sh,SOURCE,Bash,SOURCE,mysql,(any),
scripts/bash/mysql/cleanup/mysql_cleanup_pipeline.sh,ENTRY POINT,Bash,ENTRY POINT,mysql,(any),
scripts/bash/mysql/cleanup/remove_mysql.sh,SOURCE,Bash,SOURCE,mysql,(any),
scripts/bash/mysql/cleanup/reset_terraform_state.sh,SOURCE,Bash,SOURCE,mysql,(any),
scripts/bash/mysql/cleanup/stop_mysql.sh,SOURCE,Bash,SOURCE,mysql,(any),
scripts/bash/mysql/cleanup/validate_cleanup.sh,SOURCE,Bash,SOURCE,mysql,(any),
scripts/bash/mysql/load/load_data.sh,SOURCE,Bash,SOURCE,mysql,(any),
scripts/bash/mysql/load/validate_csv.sh,SOURCE,Bash,SOURCE,mysql,(any),
scripts/bash/mysql/load/validate_loaded_data.sh,SOURCE,Bash,SOURCE,mysql,(any),
scripts/bash/mysql/objects/deploy_objects.sh,SOURCE,Bash,SOURCE,mysql,(any),
scripts/bash/mysql/objects/validate_objects.sh,SOURCE,Bash,SOURCE,mysql,(any),
scripts/bash/mysql/setup/configure_global_mysql.sh,SOURCE,Bash,SOURCE,mysql,(any),
scripts/bash/mysql/setup/configure_mysql.sh,SOURCE,Bash,SOURCE,mysql,(any),
scripts/bash/mysql/setup/create_database.sh,SOURCE,Bash,SOURCE,mysql,(any),
scripts/bash/mysql/setup/deploy_mysql.sh,SOURCE,Bash,SOURCE,mysql,(any),
scripts/bash/mysql/setup/install_mysql.sh,SOURCE,Bash,SOURCE,mysql,(any),
scripts/bash/mysql/setup/install_mysql_driver.sh,SOURCE,Bash,SOURCE,mysql,(any),
scripts/bash/mysql/setup/install_python_requirements.sh,SOURCE,Bash,SOURCE,mysql,(any),
scripts/bash/mysql/setup/install_tools.sh,SOURCE,Bash,SOURCE,mysql,(any),
scripts/bash/mysql/setup/run_liquibase.sh,SOURCE,Bash,SOURCE,mysql,(any),
scripts/bash/mysql/setup/start_mysql.sh,SOURCE,Bash,SOURCE,mysql,(any),
scripts/bash/mysql/setup/stop_mysql.sh,SOURCE,Bash,SOURCE,mysql,(any),
scripts/bash/mysql/setup/validate_environment.sh,SOURCE,Bash,SOURCE,mysql,(any),
scripts/bash/mysql/setup/validate_mysql.sh,SOURCE,Bash,SOURCE,mysql,(any),
scripts/bash/mysql/setup/validate_port.sh,SOURCE,Bash,SOURCE,mysql,(any),
scripts/bash/mysql/setup/validate_python_requirements.sh,SOURCE,Bash,SOURCE,mysql,(any),
scripts/bash/mysql/setup/validate_tools.sh,SOURCE,Bash,SOURCE,mysql,(any),
scripts/bash/postgresql/postgresql_load_pipeline.sh,ENTRY POINT,Bash,ENTRY POINT,postgresql,(any),
scripts/bash/postgresql/postgresql_setup_pipeline.sh,ENTRY POINT,Bash,ENTRY POINT,postgresql,(any),
scripts/bash/postgresql/assessment/run_assessment.sh,SOURCE,Bash,SOURCE,postgresql,(any),
scripts/bash/postgresql/cleanup/cleanup_postgresql_load_artifacts.sh,SOURCE,Bash,SOURCE,postgresql,(any),
scripts/bash/postgresql/cleanup/cleanup_postgresql_xml.sh,SOURCE,Bash,SOURCE,postgresql,(any),
scripts/bash/postgresql/cleanup/postgresql_cleanup_pipeline.sh,ENTRY POINT,Bash,ENTRY POINT,postgresql,(any),
scripts/bash/postgresql/cleanup/remove_postgresql.sh,SOURCE,Bash,SOURCE,postgresql,(any),
scripts/bash/postgresql/cleanup/reset_terraform_state.sh,SOURCE,Bash,SOURCE,postgresql,(any),
scripts/bash/postgresql/cleanup/stop_postgresql.sh,SOURCE,Bash,SOURCE,postgresql,(any),
scripts/bash/postgresql/cleanup/validate_cleanup.sh,SOURCE,Bash,SOURCE,postgresql,(any),
scripts/bash/postgresql/load/load_data.sh,SOURCE,Bash,SOURCE,postgresql,(any),
scripts/bash/postgresql/load/validate_loaded_data.sh,SOURCE,Bash,SOURCE,postgresql,(any),
scripts/bash/postgresql/objects/deploy_objects.sh,SOURCE,Bash,SOURCE,postgresql,(any),
scripts/bash/postgresql/objects/validate_objects.sh,SOURCE,Bash,SOURCE,postgresql,(any),
scripts/bash/postgresql/setup/configure_global_psql.sh,SOURCE,Bash,SOURCE,postgresql,(any),
scripts/bash/postgresql/setup/configure_postgresql.sh,SOURCE,Bash,SOURCE,postgresql,(any),
scripts/bash/postgresql/setup/create_database.sh,SOURCE,Bash,SOURCE,postgresql,(any),
scripts/bash/postgresql/setup/deploy_postgresql.sh,SOURCE,Bash,SOURCE,postgresql,(any),
scripts/bash/postgresql/setup/install_postgresql.sh,SOURCE,Bash,SOURCE,postgresql,(any),
scripts/bash/postgresql/setup/install_postgresql_driver.sh,SOURCE,Bash,SOURCE,postgresql,(any),
scripts/bash/postgresql/setup/install_python_requirements.sh,SOURCE,Bash,SOURCE,postgresql,(any),
scripts/bash/postgresql/setup/install_tools.sh,SOURCE,Bash,SOURCE,postgresql,(any),
scripts/bash/postgresql/setup/run_liquibase.sh,SOURCE,Bash,SOURCE,postgresql,(any),
scripts/bash/postgresql/setup/start_postgresql.sh,SOURCE,Bash,SOURCE,postgresql,(any),
scripts/bash/postgresql/setup/validate_environment.sh,SOURCE,Bash,SOURCE,postgresql,(any),
scripts/bash/postgresql/setup/validate_port.sh,SOURCE,Bash,SOURCE,postgresql,(any),
scripts/bash/postgresql/setup/validate_postgresql.sh,SOURCE,Bash,SOURCE,postgresql,(any),
scripts/bash/postgresql/setup/validate_postgresql_driver.sh,SOURCE,Bash,SOURCE,postgresql,(any),
scripts/bash/postgresql/setup/validate_python_requirements.sh,SOURCE,Bash,SOURCE,postgresql,(any),
scripts/bash/postgresql/setup/validate_tools.sh,SOURCE,Bash,SOURCE,postgresql,(any),
scripts/batch/install_python_requirements.bat,SOURCE,Batch,SOURCE,,(any),
scripts/batch/validate_python_requirements.bat,SOURCE,Batch,SOURCE,,(any),
scripts/batch/common/check_admin_privileges.bat,SOURCE,Batch,SOURCE,,(any),
scripts/batch/common/discover_java.bat,SOURCE,Batch,SOURCE,,(any),
scripts/batch/common/download_dataset.bat,SOURCE,Batch,SOURCE,,(any),
scripts/batch/common/generate_assessment_report.bat,SOURCE,Batch,SOURCE,,(any),
scripts/batch/common/install_liquibase.bat,SOURCE,Batch,SOURCE,,(any),
scripts/batch/common/install_mssql_driver.bat,SOURCE,Batch,SOURCE,,(any),
scripts/batch/common/install_postgresql_driver.bat,SOURCE,Batch,SOURCE,,(any),
scripts/batch/common/install_terraform.bat,SOURCE,Batch,SOURCE,,(any),
scripts/batch/common/install_tools.bat,SOURCE,Batch,SOURCE,,(any),
scripts/batch/common/setup_liquibase.bat,SOURCE,Batch,SOURCE,,(any),
scripts/batch/common/set_project_root.bat,SOURCE,Batch,SOURCE,,(any),
scripts/batch/common/tools.bat,SOURCE,Batch,SOURCE,,(any),
scripts/batch/common/validate_java_runtime.bat,SOURCE,Batch,SOURCE,,(any),
scripts/batch/common/validate_liquibase.bat,SOURCE,Batch,SOURCE,,(any),
scripts/batch/common/validate_mssql_driver.bat,SOURCE,Batch,SOURCE,,(any),
scripts/batch/common/validate_postgresql_driver.bat,SOURCE,Batch,SOURCE,,(any),
scripts/batch/common/validate_python_runtime.bat,SOURCE,Batch,SOURCE,,(any),
scripts/batch/common/validate_tools.bat,SOURCE,Batch,SOURCE,,(any),
scripts/batch/common/migration/generate_executive_report.bat,SOURCE,Batch,SOURCE,,(any),
scripts/batch/common/migration/generate_technical_report.bat,SOURCE,Batch,SOURCE,,(any),
scripts/batch/common/migration/run_action_plan.bat,SOURCE,Batch,SOURCE,,(any),
scripts/batch/common/migration/run_assessment.bat,SOURCE,Batch,SOURCE,,(any),
scripts/batch/common/migration/run_data_profiling.bat,SOURCE,Batch,SOURCE,,(any),
scripts/batch/common/migration/run_migration_analysis.bat,SOURCE,Batch,SOURCE,,(any),
scripts/batch/common/migration/run_recommendation.bat,SOURCE,Batch,SOURCE,,(any),
scripts/batch/common/migration/run_reconciliation.bat,SOURCE,Batch,SOURCE,,(any),
scripts/batch/mongodb/mongodb_load_pipeline.bat,ENTRY POINT,Batch,ENTRY POINT,mongodb,(any),
scripts/batch/mongodb/mongodb_setup_pipeline.bat,ENTRY POINT,Batch,ENTRY POINT,mongodb,(any),
scripts/batch/mongodb/test_setup.bat,SOURCE,Batch,SOURCE,mongodb,(any),
scripts/batch/mongodb/assessment/run_assessment.bat,SOURCE,Batch,SOURCE,mongodb,(any),
scripts/batch/mongodb/cleanup/mongodb_cleanup_pipeline.bat,ENTRY POINT,Batch,ENTRY POINT,mongodb,(any),
scripts/batch/mongodb/cleanup/remove_mongodb.bat,SOURCE,Batch,SOURCE,mongodb,(any),
scripts/batch/mongodb/cleanup/reset_terraform_state.bat,SOURCE,Batch,SOURCE,mongodb,(any),
scripts/batch/mongodb/cleanup/stop_mongodb.bat,SOURCE,Batch,SOURCE,mongodb,(any),
scripts/batch/mongodb/cleanup/validate_cleanup.bat,SOURCE,Batch,SOURCE,mongodb,(any),
scripts/batch/mongodb/load/load_data.bat,SOURCE,Batch,SOURCE,mongodb,(any),
scripts/batch/mongodb/load/validate_loaded_data.bat,SOURCE,Batch,SOURCE,mongodb,(any),
scripts/batch/mongodb/setup/configure_global_mongosh.bat,SOURCE,Batch,SOURCE,mongodb,(any),
scripts/batch/mongodb/setup/configure_mongodb_service.bat,SOURCE,Batch,SOURCE,mongodb,(any),
scripts/batch/mongodb/setup/create_collections.bat,SOURCE,Batch,SOURCE,mongodb,(any),
scripts/batch/mongodb/setup/create_indexes.bat,SOURCE,Batch,SOURCE,mongodb,(any),
scripts/batch/mongodb/setup/install_python_requirements.bat,SOURCE,Batch,SOURCE,mongodb,(any),
scripts/batch/mongodb/setup/install_tools.bat,SOURCE,Batch,SOURCE,mongodb,(any),
scripts/batch/mongodb/setup/run_terraform.bat,SOURCE,Batch,SOURCE,mongodb,(any),
scripts/batch/mongodb/setup/start_mongodb.bat,SOURCE,Batch,SOURCE,mongodb,(any),
scripts/batch/mongodb/setup/validate_mongodb.bat,SOURCE,Batch,SOURCE,mongodb,(any),
scripts/batch/mongodb/setup/validate_python_requirements.bat,SOURCE,Batch,SOURCE,mongodb,(any),
scripts/batch/mongodb/setup/validate_tools.bat,SOURCE,Batch,SOURCE,mongodb,(any),
scripts/batch/mssql/mssql_load_pipeline.bat,ENTRY POINT,Batch,ENTRY POINT,mssql,(any),
scripts/batch/mssql/mssql_setup_pipeline.bat,ENTRY POINT,Batch,ENTRY POINT,mssql,(any),
scripts/batch/mssql/assessment/run_assessment.bat,SOURCE,Batch,SOURCE,mssql,(any),
scripts/batch/mssql/cleanup/cleanup_mssql_load_artifacts.bat,SOURCE,Batch,SOURCE,mssql,(any),
scripts/batch/mssql/cleanup/cleanup_mssql_xml.bat,SOURCE,Batch,SOURCE,mssql,(any),
scripts/batch/mssql/cleanup/drop_mssql_database.bat,SOURCE,Batch,SOURCE,mssql,(any),
scripts/batch/mssql/cleanup/mssql_cleanup_pipeline.bat,ENTRY POINT,Batch,ENTRY POINT,mssql,(any),
scripts/batch/mssql/cleanup/remove_mssql.bat,SOURCE,Batch,SOURCE,mssql,(any),
scripts/batch/mssql/cleanup/reset_terraform_state.bat,SOURCE,Batch,SOURCE,mssql,(any),
scripts/batch/mssql/cleanup/stop_mssql.bat,SOURCE,Batch,SOURCE,mssql,(any),
scripts/batch/mssql/cleanup/validate_cleanup.bat,SOURCE,Batch,SOURCE,mssql,(any),
scripts/batch/mssql/load/database_inventory.bat,SOURCE,Batch,SOURCE,mssql,(any),
scripts/batch/mssql/load/load_data.bat,SOURCE,Batch,SOURCE,mssql,(any),
scripts/batch/mssql/load/sql_agent.bat,SOURCE,Batch,SOURCE,mssql,(any),
scripts/batch/mssql/load/table_inventory.bat,SOURCE,Batch,SOURCE,mssql,(any),
scripts/batch/mssql/load/validate_csv.bat,SOURCE,Batch,SOURCE,mssql,(any),
scripts/batch/mssql/load/validate_loaded_data.bat,SOURCE,Batch,SOURCE,mssql,(any),
scripts/batch/mssql/objects/deploy_objects.bat,SOURCE,Batch,SOURCE,mssql,(any),
scripts/batch/mssql/objects/validate_objects.bat,SOURCE,Batch,SOURCE,mssql,(any),
scripts/batch/mssql/setup/configure_mssql.bat,SOURCE,Batch,SOURCE,mssql,(any),
scripts/batch/mssql/setup/create_database.bat,SOURCE,Batch,SOURCE,mssql,(any),
scripts/batch/mssql/setup/deploy_mssql.bat,SOURCE,Batch,SOURCE,mssql,(any),
scripts/batch/mssql/setup/deploy_mssql_gdrive.bat,SOURCE,Batch,SOURCE,mssql,(any),
scripts/batch/mssql/setup/download_mssql.bat,SOURCE,Batch,SOURCE,mssql,(any),
scripts/batch/mssql/setup/download_mssql_media.bat,SOURCE,Batch,SOURCE,mssql,(any),
scripts/batch/mssql/setup/generate_configuration_file.bat,SOURCE,Batch,SOURCE,mssql,(any),
scripts/batch/mssql/setup/install_mssql.bat,SOURCE,Batch,SOURCE,mssql,(any),
scripts/batch/mssql/setup/install_mssql_driver.bat,SOURCE,Batch,SOURCE,mssql,(any),
scripts/batch/mssql/setup/install_mssql_gdrive.bat,SOURCE,Batch,SOURCE,mssql,(any),
scripts/batch/mssql/setup/install_python_requirements.bat,SOURCE,Batch,SOURCE,mssql,(any),
scripts/batch/mssql/setup/install_sqlcmd.bat,SOURCE,Batch,SOURCE,mssql,(any),
scripts/batch/mssql/setup/install_tools.bat,SOURCE,Batch,SOURCE,mssql,(any),
scripts/batch/mssql/setup/prepare_mssql_media.bat,SOURCE,Batch,SOURCE,mssql,(any),
scripts/batch/mssql/setup/run_liquibase.bat,SOURCE,Batch,SOURCE,mssql,(any),
scripts/batch/mssql/setup/start_mssql.bat,SOURCE,Batch,SOURCE,mssql,(any),
scripts/batch/mssql/setup/validate_environment.bat,SOURCE,Batch,SOURCE,mssql,(any),
scripts/batch/mssql/setup/validate_liquibase.bat,SOURCE,Batch,SOURCE,mssql,(any),
scripts/batch/mssql/setup/validate_mssql.bat,SOURCE,Batch,SOURCE,mssql,(any),
scripts/batch/mssql/setup/validate_mssql_driver.bat,SOURCE,Batch,SOURCE,mssql,(any),
scripts/batch/mssql/setup/validate_port.bat,SOURCE,Batch,SOURCE,mssql,(any),
scripts/batch/mssql/setup/validate_python_requirements.bat,SOURCE,Batch,SOURCE,mssql,(any),
scripts/batch/mssql/setup/validate_sqlcmd.bat,SOURCE,Batch,SOURCE,mssql,(any),
scripts/batch/mssql/setup/validate_tools.bat,SOURCE,Batch,SOURCE,mssql,(any),
scripts/batch/mysql/destroy_mysql.bat,SOURCE,Batch,SOURCE,mysql,(any),
scripts/batch/mysql/initialize_logs.bat,SOURCE,Batch,SOURCE,mysql,(any),
scripts/batch/mysql/mysql_load_pipeline.bat,ENTRY POINT,Batch,ENTRY POINT,mysql,(any),
scripts/batch/mysql/mysql_load_with_logging.bat,SOURCE,Batch,SOURCE,mysql,(any),
scripts/batch/mysql/mysql_setup_pipeline.bat,ENTRY POINT,Batch,ENTRY POINT,mysql,(any),
scripts/batch/mysql/mysql_setup_with_logging.bat,SOURCE,Batch,SOURCE,mysql,(any),
scripts/batch/mysql/stop_mysql.bat,SOURCE,Batch,SOURCE,mysql,(any),
scripts/batch/mysql/assessment/run_assessment.bat,SOURCE,Batch,SOURCE,mysql,(any),
scripts/batch/mysql/cleanup/cleanup_mysql.bat,SOURCE,Batch,SOURCE,mysql,(any),
scripts/batch/mysql/cleanup/cleanup_mysql_data.bat,SOURCE,Batch,SOURCE,mysql,(any),
scripts/batch/mysql/cleanup/cleanup_mysql_load_artifacts.bat,SOURCE,Batch,SOURCE,mysql,(any),
scripts/batch/mysql/cleanup/cleanup_mysql_xml.bat,SOURCE,Batch,SOURCE,mysql,(any),
scripts/batch/mysql/cleanup/remove_mysql_deployment.bat,SOURCE,Batch,SOURCE,mysql,(any),
scripts/batch/mysql/cleanup/reset_mysql_terraform_state.bat,SOURCE,Batch,SOURCE,mysql,(any),
scripts/batch/mysql/cleanup/stop_mysql.bat,SOURCE,Batch,SOURCE,mysql,(any),
scripts/batch/mysql/cleanup/validate_cleanup.bat,SOURCE,Batch,SOURCE,mysql,(any),
scripts/batch/mysql/load/load_data.bat,SOURCE,Batch,SOURCE,mysql,(any),
scripts/batch/mysql/load/validate_csv.bat,SOURCE,Batch,SOURCE,mysql,(any),
scripts/batch/mysql/load/validate_loaded_data.bat,SOURCE,Batch,SOURCE,mysql,(any),
scripts/batch/mysql/objects/deploy_objects.bat,SOURCE,Batch,SOURCE,mysql,(any),
scripts/batch/mysql/objects/validate_objects.bat,SOURCE,Batch,SOURCE,mysql,(any),
scripts/batch/mysql/setup/configure_global_mysql.bat,SOURCE,Batch,SOURCE,mysql,(any),
scripts/batch/mysql/setup/configure_mysql_service.bat,SOURCE,Batch,SOURCE,mysql,(any),
scripts/batch/mysql/setup/create_database.bat,SOURCE,Batch,SOURCE,mysql,(any),
scripts/batch/mysql/setup/deploy_mysql.bat,SOURCE,Batch,SOURCE,mysql,(any),
scripts/batch/mysql/setup/install_mysql_driver.bat,SOURCE,Batch,SOURCE,mysql,(any),
scripts/batch/mysql/setup/install_python_requirements.bat,SOURCE,Batch,SOURCE,mysql,(any),
scripts/batch/mysql/setup/install_tools.bat,SOURCE,Batch,SOURCE,mysql,(any),
scripts/batch/mysql/setup/run_liquibase.bat,SOURCE,Batch,SOURCE,mysql,(any),
scripts/batch/mysql/setup/start_mysql.bat,SOURCE,Batch,SOURCE,mysql,(any),
scripts/batch/mysql/setup/validate_environment.bat,SOURCE,Batch,SOURCE,mysql,(any),
scripts/batch/mysql/setup/validate_liquibase.bat,SOURCE,Batch,SOURCE,mysql,(any),
scripts/batch/mysql/setup/validate_mysql.bat,SOURCE,Batch,SOURCE,mysql,(any),
scripts/batch/mysql/setup/validate_mysql_driver.bat,SOURCE,Batch,SOURCE,mysql,(any),
scripts/batch/mysql/setup/validate_port.bat,SOURCE,Batch,SOURCE,mysql,(any),
scripts/batch/mysql/setup/validate_python_requirements.bat,SOURCE,Batch,SOURCE,mysql,(any),
scripts/batch/mysql/setup/validate_tools.bat,SOURCE,Batch,SOURCE,mysql,(any),
scripts/batch/postgresql/postgresql_load_pipeline.bat,ENTRY POINT,Batch,ENTRY POINT,postgresql,(any),
scripts/batch/postgresql/postgresql_setup_pipeline.bat,ENTRY POINT,Batch,ENTRY POINT,postgresql,(any),
scripts/batch/postgresql/assessment/run_assessment.bat,SOURCE,Batch,SOURCE,postgresql,(any),
scripts/batch/postgresql/cleanup/cleanup_postgresql_load_artifacts.ps1,SOURCE,PowerShell,SOURCE,postgresql,(any),
scripts/batch/postgresql/cleanup/cleanup_postgresql_xml.ps1,SOURCE,PowerShell,SOURCE,postgresql,(any),
scripts/batch/postgresql/cleanup/postgresql_cleanup_pipeline.bat,ENTRY POINT,Batch,ENTRY POINT,postgresql,(any),
scripts/batch/postgresql/cleanup/remove_postgresql.ps1,SOURCE,PowerShell,SOURCE,postgresql,(any),
scripts/batch/postgresql/cleanup/reset_terraform_state.ps1,SOURCE,PowerShell,SOURCE,postgresql,(any),
scripts/batch/postgresql/cleanup/stop_postgresql.ps1,SOURCE,PowerShell,SOURCE,postgresql,(any),
scripts/batch/postgresql/cleanup/validate_cleanup.ps1,SOURCE,PowerShell,SOURCE,postgresql,(any),
scripts/batch/postgresql/load/load_data.bat,SOURCE,Batch,SOURCE,postgresql,(any),
scripts/batch/postgresql/load/validate_loaded_data.bat,SOURCE,Batch,SOURCE,postgresql,(any),
scripts/batch/postgresql/objects/deploy_objects.bat,SOURCE,Batch,SOURCE,postgresql,(any),
scripts/batch/postgresql/objects/validate_objects.bat,SOURCE,Batch,SOURCE,postgresql,(any),
scripts/batch/postgresql/setup/configure_global_psql.bat,SOURCE,Batch,SOURCE,postgresql,(any),
scripts/batch/postgresql/setup/configure_postgresql_service.bat,SOURCE,Batch,SOURCE,postgresql,(any),
scripts/batch/postgresql/setup/create_database.bat,SOURCE,Batch,SOURCE,postgresql,(any),
scripts/batch/postgresql/setup/deploy_postgresql.bat,SOURCE,Batch,SOURCE,postgresql,(any),
scripts/batch/postgresql/setup/install_postgresql_driver.bat,SOURCE,Batch,SOURCE,postgresql,(any),
scripts/batch/postgresql/setup/install_python_requirements.bat,SOURCE,Batch,SOURCE,postgresql,(any),
scripts/batch/postgresql/setup/install_tools.bat,SOURCE,Batch,SOURCE,postgresql,(any),
scripts/batch/postgresql/setup/run_liquibase.bat,SOURCE,Batch,SOURCE,postgresql,(any),
scripts/batch/postgresql/setup/run_terraform.bat,SOURCE,Batch,SOURCE,postgresql,(any),
scripts/batch/postgresql/setup/start_postgresql.bat,SOURCE,Batch,SOURCE,postgresql,(any),
scripts/batch/postgresql/setup/validate_environment.bat,SOURCE,Batch,SOURCE,postgresql,(any),
scripts/batch/postgresql/setup/validate_port.bat,SOURCE,Batch,SOURCE,postgresql,(any),
scripts/batch/postgresql/setup/validate_postgresql.bat,SOURCE,Batch,SOURCE,postgresql,(any),
scripts/batch/postgresql/setup/validate_postgresql_driver.bat,SOURCE,Batch,SOURCE,postgresql,(any),
scripts/batch/postgresql/setup/validate_python_requirements.bat,SOURCE,Batch,SOURCE,postgresql,(any),
scripts/batch/postgresql/setup/validate_tools.bat,SOURCE,Batch,SOURCE,postgresql,(any),
scripts/cdc/cdc_engine.py,SOURCE,Python,SOURCE,,(any),
scripts/cdc/change_detector.py,SOURCE,Python,SOURCE,,(any),
scripts/cdc/checksum_generator.py,SOURCE,Python,SOURCE,,(any),
scripts/cdc/metadata_manager.py,SOURCE,Python,SOURCE,,(any),
scripts/discovery/discovery_adapter.py,SOURCE,Python,SOURCE,,(any),
scripts/discovery/discovery_engine.py,SOURCE,Python,SOURCE,,(any),
scripts/discovery/growth_analyzer.py,SOURCE,Python,SOURCE,,(any),
scripts/discovery/requirement_analyzer.py,SOURCE,Python,SOURCE,,(any),
scripts/discovery/__init__.py,SOURCE,Python,SOURCE,,(any),
scripts/governance/action_plan_engine.py,SOURCE,Python,SOURCE,,(any),
scripts/governance/__init__.py,SOURCE,Python,SOURCE,,(any),
scripts/logging/logger.py,SOURCE,Python,SOURCE,,(any),
scripts/powershell/download_liquibase.ps1,SOURCE,PowerShell,SOURCE,,(any),
scripts/powershell/download_mssql_driver.ps1,SOURCE,PowerShell,SOURCE,,(any),
scripts/powershell/download_postgresql_driver copy.ps1,SOURCE,PowerShell,SOURCE,,(any),
scripts/powershell/install_mssql.ps1,SOURCE,PowerShell,SOURCE,,(any),
scripts/powershell/stop_mysql.ps1,SOURCE,PowerShell,SOURCE,,(any),
scripts/powershell/common/download_dataset.ps1,SOURCE,PowerShell,SOURCE,,(any),
scripts/powershell/common/load_config.ps1,SOURCE,PowerShell,SOURCE,,(any),
scripts/powershell/mongodb/configure_global_mongosh.ps1,SOURCE,PowerShell,SOURCE,mongodb,(any),
scripts/powershell/mongodb/configure_mongodb_service.ps1,SOURCE,PowerShell,SOURCE,mongodb,(any),
scripts/powershell/mongodb/install_windows.ps1,SOURCE,PowerShell,SOURCE,mongodb,(any),
scripts/powershell/mongodb/start_mongodb.ps1,SOURCE,PowerShell,SOURCE,mongodb,(any),
scripts/powershell/mongodb/stop_mongodb.ps1,SOURCE,PowerShell,SOURCE,mongodb,(any),
scripts/powershell/mongodb/cleanup/remove_mongodb.ps1,SOURCE,PowerShell,SOURCE,mongodb,(any),
scripts/powershell/mongodb/cleanup/reset_terraform_state.ps1,SOURCE,PowerShell,SOURCE,mongodb,(any),
scripts/powershell/mongodb/cleanup/stop_mongodb.ps1,SOURCE,PowerShell,SOURCE,mongodb,(any),
scripts/powershell/mongodb/cleanup/validate_cleanup.ps1,SOURCE,PowerShell,SOURCE,mongodb,(any),
scripts/powershell/mssql/configure_mssql.ps1,SOURCE,PowerShell,SOURCE,mssql,(any),
scripts/powershell/mssql/create_database.ps1,SOURCE,PowerShell,SOURCE,mssql,(any),
scripts/powershell/mssql/download_media.ps1,SOURCE,PowerShell,SOURCE,mssql,(any),
scripts/powershell/mssql/download_mssql.ps1,SOURCE,PowerShell,SOURCE,mssql,(any),
scripts/powershell/mssql/download_mssql_driver.ps1,SOURCE,PowerShell,SOURCE,mssql,(any),
scripts/powershell/mssql/ensure_mssql_ready.ps1,SOURCE,PowerShell,SOURCE,mssql,(any),
scripts/powershell/mssql/generate_configuration_file.ps1,SOURCE,PowerShell,SOURCE,mssql,(any),
scripts/powershell/mssql/install_mssql.ps1,SOURCE,PowerShell,SOURCE,mssql,(any),
scripts/powershell/mssql/prepare_mssql_media.ps1,SOURCE,PowerShell,SOURCE,mssql,(any),
scripts/powershell/mssql/start_mssql.ps1,SOURCE,PowerShell,SOURCE,mssql,(any),
scripts/powershell/mssql/validate_mssql.ps1,SOURCE,PowerShell,SOURCE,mssql,(any),
scripts/powershell/mssql/cleanup/cleanup_mssql_load_artifacts.ps1,SOURCE,PowerShell,SOURCE,mssql,(any),
scripts/powershell/mssql/cleanup/cleanup_mssql_xml.ps1,SOURCE,PowerShell,SOURCE,mssql,(any),
scripts/powershell/mssql/cleanup/drop_mssql_database.ps1,SOURCE,PowerShell,SOURCE,mssql,(any),
scripts/powershell/mssql/cleanup/remove_mssql.ps1,SOURCE,PowerShell,SOURCE,mssql,(any),
scripts/powershell/mssql/cleanup/reset_terraform_state.ps1,SOURCE,PowerShell,SOURCE,mssql,(any),
scripts/powershell/mssql/cleanup/stop_mssql.ps1,SOURCE,PowerShell,SOURCE,mssql,(any),
scripts/powershell/mssql/cleanup/validate_cleanup.ps1,SOURCE,PowerShell,SOURCE,mssql,(any),
scripts/powershell/mysql/configure_global_mysql.ps1,SOURCE,PowerShell,SOURCE,mysql,(any),
scripts/powershell/mysql/configure_mysql_service.ps1,SOURCE,PowerShell,SOURCE,mysql,(any),
scripts/powershell/mysql/download_mysql_driver.ps1,SOURCE,PowerShell,SOURCE,mysql,(any),
scripts/powershell/mysql/start_mysql.ps1,SOURCE,PowerShell,SOURCE,mysql,(any),
scripts/powershell/mysql/cleanup/cleanup_mysql.ps1,SOURCE,PowerShell,SOURCE,mysql,(any),
scripts/powershell/mysql/cleanup/cleanup_mysql_data.ps1,SOURCE,PowerShell,SOURCE,mysql,(any),
scripts/powershell/mysql/cleanup/cleanup_mysql_load_artifacts.ps1,SOURCE,PowerShell,SOURCE,mysql,(any),
scripts/powershell/mysql/cleanup/cleanup_mysql_xml.ps1,SOURCE,PowerShell,SOURCE,mysql,(any),
scripts/powershell/mysql/cleanup/remove_mysql_deployment.ps1,SOURCE,PowerShell,SOURCE,mysql,(any),
scripts/powershell/mysql/cleanup/reset_mysql_terraform_state.ps1,SOURCE,PowerShell,SOURCE,mysql,(any),
scripts/powershell/mysql/cleanup/stop_mysql.ps1,SOURCE,PowerShell,SOURCE,mysql,(any),
scripts/powershell/mysql/cleanup/validate_cleanup.ps1,SOURCE,PowerShell,SOURCE,mysql,(any),
scripts/powershell/postgresql/configure_global_psql.ps1,SOURCE,PowerShell,SOURCE,postgresql,(any),
scripts/powershell/postgresql/configure_postgresql_service.ps1,SOURCE,PowerShell,SOURCE,postgresql,(any),
scripts/powershell/postgresql/download_postgresql_driver.ps1,SOURCE,PowerShell,SOURCE,postgresql,(any),
scripts/powershell/postgresql/install_windows.ps1,SOURCE,PowerShell,SOURCE,postgresql,(any),
scripts/powershell/postgresql/remove_postgresql.ps1,SOURCE,PowerShell,SOURCE,postgresql,(any),
scripts/powershell/postgresql/start_postgresql.ps1,SOURCE,PowerShell,SOURCE,postgresql,(any),
scripts/powershell/postgresql/validate_postgresql.ps1,SOURCE,PowerShell,SOURCE,postgresql,(any),
scripts/powershell/postgresql/cleanup/cleanup_postgresql_load_artifacts.ps1,SOURCE,PowerShell,SOURCE,postgresql,(any),
scripts/powershell/postgresql/cleanup/cleanup_postgresql_xml.ps1,SOURCE,PowerShell,SOURCE,postgresql,(any),
scripts/powershell/postgresql/cleanup/remove_postgresql.ps1,SOURCE,PowerShell,SOURCE,postgresql,(any),
scripts/powershell/postgresql/cleanup/reset_terraform_state.ps1,SOURCE,PowerShell,SOURCE,postgresql,(any),
scripts/powershell/postgresql/cleanup/stop_postgresql.ps1,SOURCE,PowerShell,SOURCE,postgresql,(any),
scripts/powershell/postgresql/cleanup/validate_cleanup.ps1,SOURCE,PowerShell,SOURCE,postgresql,(any),
scripts/profiling/data_profiler.py,SOURCE,Python,SOURCE,,(any),
scripts/profiling/profiling_metrics.py,SOURCE,Python,SOURCE,,(any),
scripts/profiling/__init__.py,SOURCE,Python,SOURCE,,(any),
scripts/python/common/assessment.py,SOURCE,Python,SOURCE,,(any),
scripts/python/common/assessment_report.py,SOURCE,Python,SOURCE,,(any),
scripts/python/common/config_loader.py,SOURCE,Python,SOURCE,,(any),
scripts/python/common/download_dataset.py,SOURCE,Python,SOURCE,,(any),
scripts/python/common/extract_dataset.py,SOURCE,Python,SOURCE,,(any),
scripts/python/common/schema_detector.py,SOURCE,Python,SOURCE,,(any),
scripts/python/common/objects/bootstrap_generator.py,SOURCE,Python,SOURCE,,(any),
scripts/python/common/objects/database_capabilities.py,SOURCE,Python,SOURCE,,(any),
scripts/python/common/objects/deploy_objects.py,SOURCE,Python,SOURCE,,(any),
scripts/python/common/objects/generate_liquibase_objects.py,SOURCE,Python,SOURCE,,(any),
scripts/python/common/objects/generate_master_objects.py,SOURCE,Python,SOURCE,,(any),
scripts/python/common/objects/object_detector.py,SOURCE,Python,SOURCE,,(any),
scripts/python/common/objects/object_registry.py,SOURCE,Python,SOURCE,,(any),
scripts/python/common/objects/object_utils.py,SOURCE,Python,SOURCE,,(any),
scripts/python/common/objects/template_loader.py,SOURCE,Python,SOURCE,,(any),
scripts/python/common/objects/validate_objects.py,SOURCE,Python,SOURCE,,(any),
scripts/python/common/objects/generators/generate_events.py,SOURCE,Python,SOURCE,,(any),
scripts/python/common/objects/generators/generate_extensions.py,SOURCE,Python,SOURCE,,(any),
scripts/python/common/objects/generators/generate_functions.py,SOURCE,Python,SOURCE,,(any),
scripts/python/common/objects/generators/generate_indexes.py,SOURCE,Python,SOURCE,,(any),
scripts/python/common/objects/generators/generate_materialized_views.py,SOURCE,Python,SOURCE,,(any),
scripts/python/common/objects/generators/generate_procedures.py,SOURCE,Python,SOURCE,,(any),
scripts/python/common/objects/generators/generate_triggers.py,SOURCE,Python,SOURCE,,(any),
scripts/python/common/objects/generators/generate_views.py,SOURCE,Python,SOURCE,,(any),
scripts/python/common/objects/templates/mssql/function_template.py,SOURCE,Python,SOURCE,mssql,(any),
scripts/python/common/objects/templates/mssql/index_template.py,SOURCE,Python,SOURCE,mssql,(any),
scripts/python/common/objects/templates/mssql/liquibase_function_template.py,SOURCE,Python,SOURCE,mssql,(any),
scripts/python/common/objects/templates/mssql/liquibase_index_template.py,SOURCE,Python,SOURCE,mssql,(any),
scripts/python/common/objects/templates/mssql/liquibase_master_template.py,SOURCE,Python,SOURCE,mssql,(any),
scripts/python/common/objects/templates/mssql/liquibase_procedure_template.py,SOURCE,Python,SOURCE,mssql,(any),
scripts/python/common/objects/templates/mssql/liquibase_trigger_template.py,SOURCE,Python,SOURCE,mssql,(any),
scripts/python/common/objects/templates/mssql/liquibase_view_template.py,SOURCE,Python,SOURCE,mssql,(any),
scripts/python/common/objects/templates/mssql/procedure_template.py,SOURCE,Python,SOURCE,mssql,(any),
scripts/python/common/objects/templates/mssql/trigger_template.py,SOURCE,Python,SOURCE,mssql,(any),
scripts/python/common/objects/templates/mssql/view_template.py,SOURCE,Python,SOURCE,mssql,(any),
scripts/python/common/objects/templates/mysql/event_template.py,SOURCE,Python,SOURCE,mysql,(any),
scripts/python/common/objects/templates/mysql/function_template.py,SOURCE,Python,SOURCE,mysql,(any),
scripts/python/common/objects/templates/mysql/index_template.py,SOURCE,Python,SOURCE,mysql,(any),
scripts/python/common/objects/templates/mysql/liquibase_event_template.py,SOURCE,Python,SOURCE,mysql,(any),
scripts/python/common/objects/templates/mysql/liquibase_function_template.py,SOURCE,Python,SOURCE,mysql,(any),
scripts/python/common/objects/templates/mysql/liquibase_index_template.py,SOURCE,Python,SOURCE,mysql,(any),
scripts/python/common/objects/templates/mysql/liquibase_master_template.py,SOURCE,Python,SOURCE,mysql,(any),
scripts/python/common/objects/templates/mysql/liquibase_procedure_template.py,SOURCE,Python,SOURCE,mysql,(any),
scripts/python/common/objects/templates/mysql/liquibase_trigger_template.py,SOURCE,Python,SOURCE,mysql,(any),
scripts/python/common/objects/templates/mysql/liquibase_view_template.py,SOURCE,Python,SOURCE,mysql,(any),
scripts/python/common/objects/templates/mysql/procedure_template.py,SOURCE,Python,SOURCE,mysql,(any),
scripts/python/common/objects/templates/mysql/trigger_template.py,SOURCE,Python,SOURCE,mysql,(any),
scripts/python/common/objects/templates/mysql/view_template.py,SOURCE,Python,SOURCE,mysql,(any),
scripts/python/common/objects/templates/postgresql/extension_template.py,SOURCE,Python,SOURCE,postgresql,(any),
scripts/python/common/objects/templates/postgresql/function_template.py,SOURCE,Python,SOURCE,postgresql,(any),
scripts/python/common/objects/templates/postgresql/index_template.py,SOURCE,Python,SOURCE,postgresql,(any),
scripts/python/common/objects/templates/postgresql/liquibase_extension_template.py,SOURCE,Python,SOURCE,postgresql,(any),
scripts/python/common/objects/templates/postgresql/liquibase_function_template.py,SOURCE,Python,SOURCE,postgresql,(any),
scripts/python/common/objects/templates/postgresql/liquibase_index_template.py,SOURCE,Python,SOURCE,postgresql,(any),
scripts/python/common/objects/templates/postgresql/liquibase_master_template.py,SOURCE,Python,SOURCE,postgresql,(any),
scripts/python/common/objects/templates/postgresql/liquibase_materialized_view_template.py,SOURCE,Python,SOURCE,postgresql,(any),
scripts/python/common/objects/templates/postgresql/liquibase_procedure_template.py,SOURCE,Python,SOURCE,postgresql,(any),
scripts/python/common/objects/templates/postgresql/liquibase_trigger_template.py,SOURCE,Python,SOURCE,postgresql,(any),
scripts/python/common/objects/templates/postgresql/liquibase_view_template.py,SOURCE,Python,SOURCE,postgresql,(any),
scripts/python/common/objects/templates/postgresql/materialized_view_template.py,SOURCE,Python,SOURCE,postgresql,(any),
scripts/python/common/objects/templates/postgresql/procedure_template.py,SOURCE,Python,SOURCE,postgresql,(any),
scripts/python/common/objects/templates/postgresql/trigger_template.py,SOURCE,Python,SOURCE,postgresql,(any),
scripts/python/common/objects/templates/postgresql/view_template.py,SOURCE,Python,SOURCE,postgresql,(any),
scripts/python/common/objects/validators/mssql_validator.py,SOURCE,Python,SOURCE,,(any),
scripts/python/common/objects/validators/mysql_validator.py,SOURCE,Python,SOURCE,,(any),
scripts/python/common/objects/validators/postgresql_validator.py,SOURCE,Python,SOURCE,,(any),
scripts/python/common/objects/xml_generators/generate_custom_xml.py,SOURCE,Python,SOURCE,,(any),
scripts/python/common/objects/xml_generators/generate_event_xml.py,SOURCE,Python,SOURCE,,(any),
scripts/python/common/objects/xml_generators/generate_extension_xml.py,SOURCE,Python,SOURCE,,(any),
scripts/python/common/objects/xml_generators/generate_function_xml.py,SOURCE,Python,SOURCE,,(any),
scripts/python/common/objects/xml_generators/generate_index_xml.py,SOURCE,Python,SOURCE,,(any),
scripts/python/common/objects/xml_generators/generate_materialized_view_xml.py,SOURCE,Python,SOURCE,,(any),
scripts/python/common/objects/xml_generators/generate_procedure_xml.py,SOURCE,Python,SOURCE,,(any),
scripts/python/common/objects/xml_generators/generate_trigger_xml.py,SOURCE,Python,SOURCE,,(any),
scripts/python/common/objects/xml_generators/generate_view_xml.py,SOURCE,Python,SOURCE,,(any),
scripts/python/common/objects/xml_generators/xml_generator_base.py,SOURCE,Python,SOURCE,,(any),
scripts/python/mongodb/assessment.py,SOURCE,Python,SOURCE,mongodb,(any),
scripts/python/mongodb/load/generate_dataset.py,SOURCE,Python,SOURCE,mongodb,(any),
scripts/python/mongodb/load/load_all.py,SOURCE,Python,SOURCE,mongodb,(any),
scripts/python/mongodb/load/load_data.py,SOURCE,Python,SOURCE,mongodb,(any),
scripts/python/mongodb/load/load_pipeline.py,ENTRY POINT,Python,ENTRY POINT,mongodb,(any),
scripts/python/mongodb/load/validate_data.py,SOURCE,Python,SOURCE,mongodb,(any),
scripts/python/mongodb/load/validate_loaded_data.py,SOURCE,Python,SOURCE,mongodb,(any),
scripts/python/mongodb/setup/config_loader.py,SOURCE,Python,SOURCE,mongodb,(any),
scripts/python/mongodb/setup/create_collections.py,SOURCE,Python,SOURCE,mongodb,(any),
scripts/python/mongodb/setup/create_indexes.py,SOURCE,Python,SOURCE,mongodb,(any),
scripts/python/mongodb/setup/db_connection.py,SOURCE,Python,SOURCE,mongodb,(any),
scripts/python/mongodb/setup/validate_database.py,SOURCE,Python,SOURCE,mongodb,(any),
scripts/python/mssql/assessment.py,SOURCE,Python,SOURCE,mssql,(any),
scripts/python/mssql/load/database_inventory.py,SOURCE,Python,SOURCE,mssql,(any),
scripts/python/mssql/load/sql_agent.py,SOURCE,Python,SOURCE,mssql,(any),
scripts/python/mssql/load/table_inventory.py,SOURCE,Python,SOURCE,mssql,(any),
scripts/python/mssql/load/validate_csv.py,SOURCE,Python,SOURCE,mssql,(any),
scripts/python/mssql/load/validate_data.py,SOURCE,Python,SOURCE,mssql,(any),
scripts/python/mssql/load/validate_loaded_data.py,SOURCE,Python,SOURCE,mssql,(any),
scripts/python/mssql/setup/db_connection.py,SOURCE,Python,SOURCE,mssql,(any),
scripts/python/mssql/setup/download_media.py,SOURCE,Python,SOURCE,mssql,(any),
scripts/python/mssql/setup/extract_media.py,SOURCE,Python,SOURCE,mssql,(any),
scripts/python/mssql/setup/generate_liquibase_xml.py,SOURCE,Python,SOURCE,mssql,(any),
scripts/python/mssql/setup/update_master_xml.py,SOURCE,Python,SOURCE,mssql,(any),
scripts/python/mssql/setup/validate_database.py,SOURCE,Python,SOURCE,mssql,(any),
scripts/python/mssql/setup/validate_port.py,SOURCE,Python,SOURCE,mssql,(any),
scripts/python/mysql/assessment.py,SOURCE,Python,SOURCE,mysql,(any),
scripts/python/mysql/load/load_all.py,SOURCE,Python,SOURCE,mysql,(any),
scripts/python/mysql/load/load_data.py,SOURCE,Python,SOURCE,mysql,(any),
scripts/python/mysql/load/testcsvschema.py,SOURCE,Python,SOURCE,mysql,(any),
scripts/python/mysql/load/truncate_tables.py,SOURCE,Python,SOURCE,mysql,(any),
scripts/python/mysql/load/validate_csv.py,SOURCE,Python,SOURCE,mysql,(any),
scripts/python/mysql/load/validate_data.py,SOURCE,Python,SOURCE,mysql,(any),
scripts/python/mysql/load/validate_database.py,SOURCE,Python,SOURCE,mysql,(any),
scripts/python/mysql/load/validate_loaded_data.py,SOURCE,Python,SOURCE,mysql,(any),
scripts/python/mysql/setup/check_port.py,SOURCE,Python,SOURCE,mysql,(any),
scripts/python/mysql/setup/db_connection.py,SOURCE,Python,SOURCE,mysql,(any),
scripts/python/mysql/setup/generate_liquibase_xml.py,SOURCE,Python,SOURCE,mysql,(any),
scripts/python/mysql/setup/test_connection.py,SOURCE,Python,SOURCE,mysql,(any),
scripts/python/mysql/setup/update_master_xml.py,SOURCE,Python,SOURCE,mysql,(any),
scripts/python/mysql/setup/validate_port.py,SOURCE,Python,SOURCE,mysql,(any),
scripts/python/postgresql/assessment.py,SOURCE,Python,SOURCE,postgresql,(any),
scripts/python/postgresql/load/load_data.py,SOURCE,Python,SOURCE,postgresql,(any),
scripts/python/postgresql/load/validate_data.py,SOURCE,Python,SOURCE,postgresql,(any),
scripts/python/postgresql/load/validate_database.py,SOURCE,Python,SOURCE,postgresql,(any),
scripts/python/postgresql/load/validate_loaded_data.py,SOURCE,Python,SOURCE,postgresql,(any),
scripts/python/postgresql/setup/create_database.py,SOURCE,Python,SOURCE,postgresql,(any),
scripts/python/postgresql/setup/db_connection.py,SOURCE,Python,SOURCE,postgresql,(any),
scripts/python/postgresql/setup/generate_liquibase_xml.py,SOURCE,Python,SOURCE,postgresql,(any),
scripts/python/postgresql/setup/update_master_xml.py,SOURCE,Python,SOURCE,postgresql,(any),
scripts/python/postgresql/setup/validate_port.py,SOURCE,Python,SOURCE,postgresql,(any),
scripts/python/postgresql/setup/validate_postgresql.py,SOURCE,Python,SOURCE,postgresql,(any),
scripts/recommendation/recommendation_engine.py,SOURCE,Python,SOURCE,,(any),
scripts/recommendation/__init__.py,SOURCE,Python,SOURCE,,(any),
scripts/reconciliation/reconciliation_engine.py,SOURCE,Python,SOURCE,,(any),
scripts/reconciliation/reconciliation_metrics.py,SOURCE,Python,SOURCE,,(any),
scripts/reconciliation/__init__.py,SOURCE,Python,SOURCE,,(any),
scripts/reporting/generate_history.py,SOURCE,Python,SOURCE,,(any),
scripts/reporting/generate_report.py,SOURCE,Python,SOURCE,,(any),
scripts/reporting/migration/executive_report.py,SOURCE,Python,SOURCE,,(any),
scripts/reporting/migration/report_data_builder.py,SOURCE,Python,SOURCE,,(any),
scripts/reporting/migration/technical_report.py,SOURCE,Python,SOURCE,,(any),
scripts/reporting/migration/__init__.py,SOURCE,Python,SOURCE,,(any),
terraform/mongodb/main.tf,CONFIG,Terraform,CONFIG,mongodb,(any),
terraform/mongodb/terraform.tfvars,UNKNOWN,Other,UNKNOWN,mongodb,(any),
terraform/mongodb/variables.tf,CONFIG,Terraform,CONFIG,mongodb,(any),
terraform/mssql/main.tf,CONFIG,Terraform,CONFIG,mssql,(any),
terraform/mysql/main.tf,CONFIG,Terraform,CONFIG,mysql,(any),
terraform/postgresql/main.tf,CONFIG,Terraform,CONFIG,postgresql,(any),
tools/.gitkeep,UNKNOWN,Other,UNKNOWN,,(any),
tools/drivers/.gitkeep,UNKNOWN,Other,UNKNOWN,,(any),
tools/liquibase/.gitkeep,UNKNOWN,Other,UNKNOWN,,(any),
tools/terraform/.gitkeep,UNKNOWN,Other,UNKNOWN,,(any),
